<keyframes>
    <key>
        <px>-174.583633423</px>
        <py>-239.800033569</py>
        <pz>239.118164062</pz>
        <ox>-0.437745184</ox>
        <oy>0.244617939</oy>
        <oz>-0.005180780</oz>
        <ow>-0.865178287</ow>
        <easein>0</easein>
        <easeout>0</easeout>
        <time>00:00:00:000</time>
        <value>0.000000000</value>
    </key>
    <key>
        <px>-68.062820435</px>
        <py>-26.401138306</py>
        <pz>116.736228943</pz>
        <ox>-0.377209902</ox>
        <oy>0.253500342</oy>
        <oz>0.016090374</oz>
        <ow>-0.890623868</ow>
        <easein>0</easein>
        <easeout>0</easeout>
        <time>00:00:16:507</time>
        <value>0.000000000</value>
    </key>
</keyframes>
