<Canvas>
    <Kind>42</Kind>
    <Name>BgSettings</Name>
    <IsMinified>1</IsMinified>
    <XPosition>1.000000000</XPosition>
    <YPosition>72.000000000</YPosition>
</Canvas>
<Widget>
    <Kind>2</Kind>
    <Name>GRAD</Name>
    <Value>1</Value>
</Widget>
<Widget>
    <Kind>4</Kind>
    <Name>HUE</Name>
    <Value>141.945800781</Value>
</Widget>
<Widget>
    <Kind>4</Kind>
    <Name>SAT</Name>
    <Value>183.399017334</Value>
</Widget>
<Widget>
    <Kind>4</Kind>
    <Name>BRI</Name>
    <Value>48.990146637</Value>
</Widget>
<Widget>
    <Kind>4</Kind>
    <Name>HUE2</Name>
    <Value>141.945800781</Value>
</Widget>
<Widget>
    <Kind>4</Kind>
    <Name>SAT2</Name>
    <Value>188.423645020</Value>
</Widget>
<Widget>
    <Kind>4</Kind>
    <Name>BRI2</Name>
    <Value>0.000000000</Value>
</Widget>
