<Canvas>
    <Kind>42</Kind>
    <Name>CamSettings</Name>
    <IsMinified>0</IsMinified>
    <XPosition>781.000000000</XPosition>
    <YPosition>277.000000000</YPosition>
</Canvas>
<Widget>
    <Kind>4</Kind>
    <Name>DIST</Name>
    <Value>108.374084473</Value>
</Widget>
<Widget>
    <Kind>4</Kind>
    <Name>FOV</Name>
    <Value>60.000000000</Value>
</Widget>
<Widget>
    <Kind>4</Kind>
    <Name>ROT-X</Name>
    <Value>0.000000000</Value>
</Widget>
<Widget>
    <Kind>4</Kind>
    <Name>ROT-Y</Name>
    <Value>0.000000000</Value>
</Widget>
<Widget>
    <Kind>4</Kind>
    <Name>ROT-Z</Name>
    <Value>0.915257573</Value>
</Widget>
<Widget>
    <Kind>2</Kind>
    <Name>LOCK TO TRACK</Name>
    <Value>0</Value>
</Widget>
<Widget>
    <Kind>2</Kind>
    <Name>2D</Name>
    <Value>0</Value>
</Widget>
<Widget>
    <Kind>2</Kind>
    <Name>3D FLY THROUGH</Name>
    <Value>1</Value>
</Widget>
<Widget>
    <Kind>2</Kind>
    <Name>3D WHIP PAN</Name>
    <Value>0</Value>
</Widget>
<Widget>
    <Kind>2</Kind>
    <Name>3D RGBD</Name>
    <Value>0</Value>
</Widget>
<Widget>
    <Kind>17</Kind>
    <Name>TOP</Name>
    <Value>0</Value>
</Widget>
<Widget>
    <Kind>17</Kind>
    <Name>BOTTOM</Name>
    <Value>0</Value>
</Widget>
<Widget>
    <Kind>17</Kind>
    <Name>FRONT</Name>
    <Value>0</Value>
</Widget>
<Widget>
    <Kind>17</Kind>
    <Name>BACK</Name>
    <Value>0</Value>
</Widget>
<Widget>
    <Kind>17</Kind>
    <Name>RIGHT</Name>
    <Value>0</Value>
</Widget>
<Widget>
    <Kind>17</Kind>
    <Name>LEFT</Name>
    <Value>0</Value>
</Widget>
<Widget>
    <Kind>17</Kind>
    <Name>3D</Name>
    <Value>0</Value>
</Widget>
