<Canvas>
    <Kind>42</Kind>
    <Name>Presets</Name>
    <IsMinified>1</IsMinified>
    <XPosition>1.000000000</XPosition>
    <YPosition>195.000000000</YPosition>
</Canvas>
<Widget>
    <Kind>2</Kind>
    <Name>Arcs</Name>
    <Value>0</Value>
</Widget>
<Widget>
    <Kind>2</Kind>
    <Name>Aurora</Name>
    <Value>0</Value>
</Widget>
<Widget>
    <Kind>2</Kind>
    <Name>CloudsData</Name>
    <Value>0</Value>
</Widget>
<Widget>
    <Kind>2</Kind>
    <Name>Edge</Name>
    <Value>0</Value>
</Widget>
<Widget>
    <Kind>2</Kind>
    <Name>FlyFromFar</Name>
    <Value>1</Value>
</Widget>
