<Canvas>
    <Kind>42</Kind>
    <Name>TimelineSettings</Name>
    <IsMinified>0</IsMinified>
    <XPosition>1.000000000</XPosition>
    <YPosition>218.000000000</YPosition>
</Canvas>
<Widget>
    <Kind>2</Kind>
    <Name>ENABLE</Name>
    <Value>0</Value>
</Widget>
<Widget>
    <Kind>8</Kind>
    <Name>DURATION</Name>
    <Value>17.224000931</Value>
</Widget>
<Widget>
    <Kind>2</Kind>
    <Name>INDEFINITE</Name>
    <Value>0</Value>
</Widget>
<Widget>
    <Kind>2</Kind>
    <Name>ANIMATE</Name>
    <Value>0</Value>
</Widget>
<Widget>
    <Kind>2</Kind>
    <Name>DELETE</Name>
    <Value>0</Value>
</Widget>
