<Canvas>
    <Kind>42</Kind>
    <Name>LightSettings</Name>
    <IsMinified>1</IsMinified>
    <XPosition>1363.000000000</XPosition>
    <YPosition>407.000000000</YPosition>
</Canvas>
<Widget>
    <Kind>2</Kind>
    <Name>ENABLE</Name>
    <Value>1</Value>
</Widget>
<Widget>
    <Kind>2</Kind>
    <Name>SMOOTH</Name>
    <Value>1</Value>
</Widget>
<Widget>
    <Kind>25</Kind>
    <Name>R</Name>
    <Value>0.500000000</Value>
</Widget>
<Widget>
    <Kind>25</Kind>
    <Name>G</Name>
    <Value>0.429319054</Value>
</Widget>
<Widget>
    <Kind>25</Kind>
    <Name>B</Name>
    <Value>0.500000000</Value>
</Widget>
