<Canvas>
    <Kind>42</Kind>
    <Name>POINT LIGHT 1Settings</Name>
    <IsMinified>1</IsMinified>
    <XPosition>1323.000000000</XPosition>
    <YPosition>190.000000000</YPosition>
</Canvas>
<Widget>
    <Kind>2</Kind>
    <Name>ENABLE</Name>
    <Value>1</Value>
</Widget>
<Widget>
    <Kind>25</Kind>
    <Name>X</Name>
    <Value>-151.833862305</Value>
</Widget>
<Widget>
    <Kind>25</Kind>
    <Name>Y</Name>
    <Value>109.946044922</Value>
</Widget>
<Widget>
    <Kind>25</Kind>
    <Name>Z</Name>
    <Value>-162.304931641</Value>
</Widget>
<Widget>
    <Kind>25</Kind>
    <Name>AR</Name>
    <Value>0.471203446</Value>
</Widget>
<Widget>
    <Kind>25</Kind>
    <Name>AG</Name>
    <Value>0.476438969</Value>
</Widget>
<Widget>
    <Kind>25</Kind>
    <Name>AB</Name>
    <Value>0.528795183</Value>
</Widget>
<Widget>
    <Kind>25</Kind>
    <Name>DR</Name>
    <Value>0.376962632</Value>
</Widget>
<Widget>
    <Kind>25</Kind>
    <Name>DG</Name>
    <Value>0.633507013</Value>
</Widget>
<Widget>
    <Kind>25</Kind>
    <Name>DB</Name>
    <Value>0.717276812</Value>
</Widget>
<Widget>
    <Kind>25</Kind>
    <Name>SR</Name>
    <Value>0.094240114</Value>
</Widget>
<Widget>
    <Kind>25</Kind>
    <Name>SG</Name>
    <Value>0.068062030</Value>
</Widget>
<Widget>
    <Kind>25</Kind>
    <Name>SB</Name>
    <Value>0.104711398</Value>
</Widget>
