<Canvas>
    <Kind>42</Kind>
    <Name>TimelineSettings</Name>
    <IsMinified>1</IsMinified>
    <XPosition>637.000061035</XPosition>
    <YPosition>1.000000000</YPosition>
</Canvas>
<Widget>
    <Kind>2</Kind>
    <Name>ENABLE</Name>
    <Value>0</Value>
</Widget>
<Widget>
    <Kind>8</Kind>
    <Name>DURATION</Name>
    <Value>1000.000000000</Value>
</Widget>
<Widget>
    <Kind>2</Kind>
    <Name>ANIMATE</Name>
    <Value>0</Value>
</Widget>
<Widget>
    <Kind>2</Kind>
    <Name>DELETE</Name>
    <Value>0</Value>
</Widget>
<Widget>
    <Kind>2</Kind>
    <Name>CAMERA TRACK</Name>
    <Value>0</Value>
</Widget>
<Widget>
    <Kind>2</Kind>
    <Name>SHOW/HIDE</Name>
    <Value>1</Value>
</Widget>
